tag,condition,params,n,n_sid,n_cifake,auc,auc_sid_set,auc_cifake,clean_auc,delta_vs_clean,mean_pred
lora_tiny,clean,none,600,374,226,0.9989888888888889,1.0,0.9955346650998825,0.9989888888888889,0.0,0.4999583065509796
lora_tiny,jpeg,quality=90,600,374,226,0.9991777777777777,1.0,0.9971797884841364,0.9989888888888889,0.00018888888888879407,0.4977506399154663
lora_tiny,jpeg,quality=70,600,374,226,0.9994111111111111,1.0,0.9963963963963964,0.9989888888888889,0.00042222222222221273,0.5045016407966614
lora_tiny,jpeg,quality=50,600,374,226,0.9984111111111111,1.0,0.9898159028593811,0.9989888888888889,-0.0005777777777777882,0.5041928291320801
lora_tiny,jpeg,quality=30,600,374,226,0.9980222222222223,0.9999713999714,0.9877790834312573,0.9989888888888889,-0.0009666666666666712,0.486582487821579
lora_tiny,gaussian_blur,sigma=0.5,600,374,226,0.9966666666666667,1.0,0.9881707794751272,0.9989888888888889,-0.0023222222222222255,0.43929052352905273
lora_tiny,gaussian_blur,sigma=1.0,600,374,226,0.9887555555555556,1.0,0.9431257344300822,0.9989888888888889,-0.010233333333333317,0.3962039053440094
lora_tiny,gaussian_blur,sigma=2.0,600,374,226,0.9808777777777777,1.0,0.8790442616529573,0.9989888888888889,-0.01811111111111119,0.4726918637752533
lora_tiny,resize,scale=0.5x then upscale,600,374,226,0.9913777777777777,1.0,0.9558166862514689,0.9989888888888889,-0.007611111111111235,0.4080967903137207
lora_tiny,resize,scale=0.25x then upscale,600,374,226,0.9739555555555556,0.9999713999714,0.845358401880141,0.9989888888888889,-0.025033333333333352,0.4000651240348816
lora_tiny,gaussian_noise,sigma=0.02,600,374,226,0.9888222222222223,1.0,0.9331766549157853,0.9989888888888889,-0.010166666666666657,0.3918946087360382
lora_tiny,gaussian_noise,sigma=0.05,600,374,226,0.9857222222222222,0.9998855998855999,0.9114766940853898,0.9989888888888889,-0.01326666666666676,0.42165684700012207
lora_tiny,gaussian_noise,sigma=0.1,600,374,226,0.9787555555555556,0.9998855998855999,0.863611437524481,0.9989888888888889,-0.020233333333333325,0.4651918411254883
lora_tiny,color_jitter,b/c/s ±20%,600,374,226,0.9969333333333333,1.0,0.9834704269486878,0.9989888888888889,-0.0020555555555555882,0.4811892807483673
lora_tiny,center_crop,crop to 80%,600,374,226,0.997,1.0,0.980650215432824,0.9989888888888889,-0.001988888888888929,0.494076132774353
